{
    "kind": "policy",
    "name": "example-policy-all",
    "description": "example-policy-all description",
    "tags": {},
    "targetKind": "secret",
    "target": "all",
    "bindings": [
        {
            "permissions": [
                "edit",
                "manage"
            ],
            "principalLinks": [
                "//group/GROUP_NAME",
                "//gvc/GVC_NAME/identity/IDENTITY_NAME",
                "//serviceaccount/SERVICE_ACCOUNT_NAME",
                "//user/USER_EMAIL"
            ]
        }
    ]
}