{
    "kind": "policy",
    "name": "example-policy-explicit",
    "description": "example-policy description",
    "tags": {},
    "targetKind": "secret",
    "bindings": [
        {
            "permissions": [
                "edit",
                "manage"
            ],
            "principalLinks": [
                "//group/GROUP_NAME",
                "//gvc/GVC_NAME/identity/IDENTITY_NAME",
                "//serviceaccount/SERVICE_ACCOUNT_NAME",
                "//user/USER_EMAIL"
            ]
        }
    ],
    "targetLinks": [
        "//secret/SECRET_NAME"
    ],
    "targetQuery": {
        "kind": "secret",
        "fetch": "items",
        "spec": {
            "match": "all",
            "terms": [
                {
                    "op": "=",
                    "tag": "example-tag",
                    "value": "example-value"
                }
            ]
        }
    }
}