{
    "kind": "secret",
    "name": "example-gcp-secret",
    "description": "example-gcp-secret description",
    "tags": {},
    "type": "gcp",
    "data": "{\"type\":\"gcp\",\"project_id\":\"cpln12345\",\"private_key_id\":\"pvt_key\",\"private_key\":\"key\",\"client_email\":\"support@cpln.io\",\"client_id\":\"12744\",\"auth_uri\":\"cloud.google.com\",\"token_uri\":\"token.cloud.google.com\",\"auth_provider_x509_cert_url\":\"cert.google.com\",\"client_x509_cert_url\":\"cert.google.com\"}"
}