{
    "kind": "group",
    "name": "example-group",
    "description": "example-group description",
    "tags": {},
    "memberLinks": [
      "/org/ORG_NAME/serviceaccount/SERVICE_ACCOUNT_NAME",
      "/org/ORG_NAME/user/USER_EMAIL",
      "/org/ORG_NAME/user/USER_EMAIL"
    ],
    "memberQuery": {
      "kind": "user",
      "fetch": "items",
      "spec": {
        "match": "all",
        "terms": [
          {
            "op": "=",
            "tag": "test-tag",
            "value": "test-value"
          }
        ]
      }
    }
  }