{
    "kind": "gvc",
    "name": "example-gvc",
    "description": "example-gvc description",
    "tags": {
        "tag1": "value1"
    },
    "spec": {
        "pullSecretLinks": [
            "/org/ORG_NAME/secret/SECRET_NAME"
        ],
        "staticPlacement": {
            "locationLinks": [
                "/org/ORG_NAME/location/aws-eu-central-1",
                "/org/ORG_NAME/location/aws-us-west-2",
                "/org/ORG_NAME/location/azure-eastus2",
                "/org/ORG_NAME/location/gcp-us-east1"
            ]
        }
    }
}